,team_name,season,total_goals,total_games,total_points,teamID,name,leagueID,country,standing
0,Bayern Munich,2014,80,34,79,117,Bayern Munich,Bundesliga,Germany,1
1,Wolfsburg,2014,72,34,69,131,Wolfsburg,Bundesliga,Germany,2
2,Borussia M.Gladbach,2014,53,34,66,130,Borussia M.Gladbach,Bundesliga,Germany,3
3,Bayer Leverkusen,2014,62,34,61,119,Bayer Leverkusen,Bundesliga,Germany,4
4,Augsburg,2014,43,34,49,121,Augsburg,Bundesliga,Germany,5
5,Schalke 04,2014,42,34,48,124,Schalke 04,Bundesliga,Germany,6
6,Borussia Dortmund,2014,47,34,46,129,Borussia Dortmund,Bundesliga,Germany,7
7,Hoffenheim,2014,49,34,44,120,Hoffenheim,Bundesliga,Germany,8
8,Eintracht Frankfurt,2014,56,34,43,132,Eintracht Frankfurt,Bundesliga,Germany,9
9,Werder Bremen,2014,50,34,43,123,Werder Bremen,Bundesliga,Germany,9
10,FC Cologne,2014,34,34,40,134,FC Cologne,Bundesliga,Germany,11
11,Mainz 05,2014,45,34,40,125,Mainz 05,Bundesliga,Germany,11
12,Hannover 96,2014,40,34,37,128,Hannover 96,Bundesliga,Germany,13
13,VfB Stuttgart,2014,42,34,36,133,VfB Stuttgart,Bundesliga,Germany,14
14,Hamburger SV,2014,25,34,35,118,Hamburger SV,Bundesliga,Germany,15
15,Hertha Berlin,2014,36,34,35,122,Hertha Berlin,Bundesliga,Germany,15
16,Freiburg,2014,36,34,34,135,Freiburg,Bundesliga,Germany,17
17,Paderborn,2014,31,34,31,205,Paderborn,Bundesliga,Germany,18
18,Bayern Munich,2015,80,34,88,117,Bayern Munich,Bundesliga,Germany,1
19,Borussia Dortmund,2015,82,34,78,129,Borussia Dortmund,Bundesliga,Germany,2
20,Bayer Leverkusen,2015,56,34,60,119,Bayer Leverkusen,Bundesliga,Germany,3
21,Borussia M.Gladbach,2015,67,34,55,130,Borussia M.Gladbach,Bundesliga,Germany,4
22,Schalke 04,2015,51,34,52,124,Schalke 04,Bundesliga,Germany,5
23,Hertha Berlin,2015,42,34,50,122,Hertha Berlin,Bundesliga,Germany,6
24,Mainz 05,2015,46,34,50,125,Mainz 05,Bundesliga,Germany,6
25,Wolfsburg,2015,47,34,45,131,Wolfsburg,Bundesliga,Germany,8
26,FC Cologne,2015,38,34,43,134,FC Cologne,Bundesliga,Germany,9
27,Hamburger SV,2015,40,34,41,118,Hamburger SV,Bundesliga,Germany,10
28,Ingolstadt,2015,33,34,40,126,Ingolstadt,Bundesliga,Germany,11
29,Augsburg,2015,42,34,38,121,Augsburg,Bundesliga,Germany,12
30,Darmstadt,2015,38,34,38,127,Darmstadt,Bundesliga,Germany,12
31,Werder Bremen,2015,50,34,38,123,Werder Bremen,Bundesliga,Germany,12
32,Hoffenheim,2015,39,34,37,120,Hoffenheim,Bundesliga,Germany,15
33,Eintracht Frankfurt,2015,34,34,36,132,Eintracht Frankfurt,Bundesliga,Germany,16
34,VfB Stuttgart,2015,50,34,33,133,VfB Stuttgart,Bundesliga,Germany,17
35,Hannover 96,2015,31,34,25,128,Hannover 96,Bundesliga,Germany,18
36,Bayern Munich,2016,89,34,82,117,Bayern Munich,Bundesliga,Germany,1
37,RasenBallsport Leipzig,2016,66,34,67,136,RasenBallsport Leipzig,Bundesliga,Germany,2
38,Borussia Dortmund,2016,72,34,64,129,Borussia Dortmund,Bundesliga,Germany,3
39,Hoffenheim,2016,64,34,62,120,Hoffenheim,Bundesliga,Germany,4
40,FC Cologne,2016,51,34,49,134,FC Cologne,Bundesliga,Germany,5
41,Hertha Berlin,2016,43,34,49,122,Hertha Berlin,Bundesliga,Germany,5
42,Freiburg,2016,42,34,48,135,Freiburg,Bundesliga,Germany,7
43,Borussia M.Gladbach,2016,45,34,45,130,Borussia M.Gladbach,Bundesliga,Germany,8
44,Werder Bremen,2016,61,34,45,123,Werder Bremen,Bundesliga,Germany,8
45,Schalke 04,2016,45,34,43,124,Schalke 04,Bundesliga,Germany,10
46,Eintracht Frankfurt,2016,36,34,42,132,Eintracht Frankfurt,Bundesliga,Germany,11
47,Bayer Leverkusen,2016,53,34,41,119,Bayer Leverkusen,Bundesliga,Germany,12
48,Augsburg,2016,35,34,38,121,Augsburg,Bundesliga,Germany,13
49,Hamburger SV,2016,33,34,38,118,Hamburger SV,Bundesliga,Germany,13
50,Mainz 05,2016,44,34,37,125,Mainz 05,Bundesliga,Germany,15
51,Wolfsburg,2016,34,34,37,131,Wolfsburg,Bundesliga,Germany,15
52,Ingolstadt,2016,36,34,32,126,Ingolstadt,Bundesliga,Germany,17
53,Darmstadt,2016,28,34,25,127,Darmstadt,Bundesliga,Germany,18
54,Bayern Munich,2017,92,34,84,117,Bayern Munich,Bundesliga,Germany,1
55,Schalke 04,2017,53,34,63,124,Schalke 04,Bundesliga,Germany,2
56,Bayer Leverkusen,2017,58,34,55,119,Bayer Leverkusen,Bundesliga,Germany,3
57,Borussia Dortmund,2017,64,34,55,129,Borussia Dortmund,Bundesliga,Germany,3
58,Hoffenheim,2017,66,34,55,120,Hoffenheim,Bundesliga,Germany,3
59,RasenBallsport Leipzig,2017,57,34,53,136,RasenBallsport Leipzig,Bundesliga,Germany,6
60,VfB Stuttgart,2017,36,34,51,133,VfB Stuttgart,Bundesliga,Germany,7
61,Eintracht Frankfurt,2017,45,34,49,132,Eintracht Frankfurt,Bundesliga,Germany,8
62,Borussia M.Gladbach,2017,47,34,47,130,Borussia M.Gladbach,Bundesliga,Germany,9
63,Hertha Berlin,2017,43,34,43,122,Hertha Berlin,Bundesliga,Germany,10
64,Werder Bremen,2017,37,34,42,123,Werder Bremen,Bundesliga,Germany,11
65,Augsburg,2017,43,34,41,121,Augsburg,Bundesliga,Germany,12
66,Hannover 96,2017,44,34,39,128,Hannover 96,Bundesliga,Germany,13
67,Freiburg,2017,32,34,36,135,Freiburg,Bundesliga,Germany,14
68,Mainz 05,2017,38,34,36,125,Mainz 05,Bundesliga,Germany,14
69,Wolfsburg,2017,36,34,33,131,Wolfsburg,Bundesliga,Germany,16
70,Hamburger SV,2017,29,34,31,118,Hamburger SV,Bundesliga,Germany,17
71,FC Cologne,2017,35,34,22,134,FC Cologne,Bundesliga,Germany,18
72,Bayern Munich,2018,88,34,78,117,Bayern Munich,Bundesliga,Germany,1
73,Borussia Dortmund,2018,81,34,76,129,Borussia Dortmund,Bundesliga,Germany,2
74,RasenBallsport Leipzig,2018,63,34,66,136,RasenBallsport Leipzig,Bundesliga,Germany,3
75,Bayer Leverkusen,2018,69,34,58,119,Bayer Leverkusen,Bundesliga,Germany,4
76,Borussia M.Gladbach,2018,55,34,55,130,Borussia M.Gladbach,Bundesliga,Germany,5
77,Wolfsburg,2018,62,34,55,131,Wolfsburg,Bundesliga,Germany,5
78,Eintracht Frankfurt,2018,60,34,54,132,Eintracht Frankfurt,Bundesliga,Germany,7
79,Werder Bremen,2018,58,34,53,123,Werder Bremen,Bundesliga,Germany,8
80,Hoffenheim,2018,70,34,51,120,Hoffenheim,Bundesliga,Germany,9
81,Fortuna Duesseldorf,2018,49,34,44,233,Fortuna Duesseldorf,Bundesliga,Germany,10
82,Hertha Berlin,2018,49,34,43,122,Hertha Berlin,Bundesliga,Germany,11
83,Mainz 05,2018,46,34,43,125,Mainz 05,Bundesliga,Germany,11
84,Freiburg,2018,46,34,36,135,Freiburg,Bundesliga,Germany,13
85,Schalke 04,2018,37,34,33,124,Schalke 04,Bundesliga,Germany,14
86,Augsburg,2018,51,34,32,121,Augsburg,Bundesliga,Germany,15
87,VfB Stuttgart,2018,32,34,28,133,VfB Stuttgart,Bundesliga,Germany,16
88,Hannover 96,2018,31,34,21,128,Hannover 96,Bundesliga,Germany,17
89,Nuernberg,2018,26,34,19,234,Nuernberg,Bundesliga,Germany,18
90,Bayern Munich,2019,100,34,82,117,Bayern Munich,Bundesliga,Germany,1
91,Borussia Dortmund,2019,84,34,69,129,Borussia Dortmund,Bundesliga,Germany,2
92,RasenBallsport Leipzig,2019,81,34,66,136,RasenBallsport Leipzig,Bundesliga,Germany,3
93,Borussia M.Gladbach,2019,66,34,65,130,Borussia M.Gladbach,Bundesliga,Germany,4
94,Bayer Leverkusen,2019,61,34,63,119,Bayer Leverkusen,Bundesliga,Germany,5
95,Hoffenheim,2019,53,34,52,120,Hoffenheim,Bundesliga,Germany,6
96,Wolfsburg,2019,48,34,49,131,Wolfsburg,Bundesliga,Germany,7
97,Freiburg,2019,48,34,48,135,Freiburg,Bundesliga,Germany,8
98,Eintracht Frankfurt,2019,59,34,45,132,Eintracht Frankfurt,Bundesliga,Germany,9
99,Hertha Berlin,2019,48,34,41,122,Hertha Berlin,Bundesliga,Germany,10
100,Union Berlin,2019,41,34,41,240,Union Berlin,Bundesliga,Germany,10
101,Schalke 04,2019,38,34,39,124,Schalke 04,Bundesliga,Germany,12
102,Mainz 05,2019,44,34,37,125,Mainz 05,Bundesliga,Germany,13
103,Augsburg,2019,45,34,36,121,Augsburg,Bundesliga,Germany,14
104,FC Cologne,2019,51,34,36,134,FC Cologne,Bundesliga,Germany,14
105,Werder Bremen,2019,42,34,31,123,Werder Bremen,Bundesliga,Germany,16
106,Fortuna Duesseldorf,2019,36,34,30,233,Fortuna Duesseldorf,Bundesliga,Germany,17
107,Paderborn,2019,37,34,20,205,Paderborn,Bundesliga,Germany,18
108,Bayern Munich,2020,99,34,78,117,Bayern Munich,Bundesliga,Germany,1
109,RasenBallsport Leipzig,2020,60,34,65,136,RasenBallsport Leipzig,Bundesliga,Germany,2
110,Borussia Dortmund,2020,75,34,64,129,Borussia Dortmund,Bundesliga,Germany,3
111,Wolfsburg,2020,61,34,61,131,Wolfsburg,Bundesliga,Germany,4
112,Eintracht Frankfurt,2020,69,34,60,132,Eintracht Frankfurt,Bundesliga,Germany,5
113,Bayer Leverkusen,2020,53,34,52,119,Bayer Leverkusen,Bundesliga,Germany,6
114,Union Berlin,2020,50,34,50,240,Union Berlin,Bundesliga,Germany,7
115,Borussia M.Gladbach,2020,64,34,49,130,Borussia M.Gladbach,Bundesliga,Germany,8
116,Freiburg,2020,52,34,45,135,Freiburg,Bundesliga,Germany,9
117,VfB Stuttgart,2020,56,34,45,133,VfB Stuttgart,Bundesliga,Germany,9
118,Hoffenheim,2020,52,34,43,120,Hoffenheim,Bundesliga,Germany,11
119,Mainz 05,2020,39,34,39,125,Mainz 05,Bundesliga,Germany,12
120,Augsburg,2020,36,34,36,121,Augsburg,Bundesliga,Germany,13
121,Arminia Bielefeld,2020,26,34,35,262,Arminia Bielefeld,Bundesliga,Germany,14
122,Hertha Berlin,2020,41,34,35,122,Hertha Berlin,Bundesliga,Germany,14
123,FC Cologne,2020,34,34,33,134,FC Cologne,Bundesliga,Germany,16
124,Werder Bremen,2020,36,34,31,123,Werder Bremen,Bundesliga,Germany,17
125,Schalke 04,2020,25,34,16,124,Schalke 04,Bundesliga,Germany,18
126,Barcelona,2014,110,38,94,148,Barcelona,La Liga,Spain,1
127,Real Madrid,2014,118,38,92,150,Real Madrid,La Liga,Spain,2
128,Atletico Madrid,2014,67,38,78,143,Atletico Madrid,La Liga,Spain,3
129,Valencia,2014,70,38,77,146,Valencia,La Liga,Spain,4
130,Sevilla,2014,71,38,76,138,Sevilla,La Liga,Spain,5
131,Villarreal,2014,48,38,60,154,Villarreal,La Liga,Spain,6
132,Athletic Club,2014,42,38,55,147,Athletic Club,La Liga,Spain,7
133,Celta Vigo,2014,47,38,51,152,Celta Vigo,La Liga,Spain,8
134,Malaga,2014,42,38,50,137,Malaga,La Liga,Spain,9
135,Espanyol,2014,47,38,49,141,Espanyol,La Liga,Spain,10
136,Rayo Vallecano,2014,46,38,49,145,Rayo Vallecano,La Liga,Spain,10
137,Real Sociedad,2014,44,38,46,140,Real Sociedad,La Liga,Spain,12
138,Elche,2014,35,38,41,207,Elche,La Liga,Spain,13
139,Getafe,2014,33,38,37,142,Getafe,La Liga,Spain,14
140,Levante,2014,34,38,37,151,Levante,La Liga,Spain,14
141,Deportivo La Coruna,2014,35,38,35,139,Deportivo La Coruna,La Liga,Spain,16
142,Eibar,2014,34,38,35,156,Eibar,La Liga,Spain,16
143,Granada,2014,29,38,35,155,Granada,La Liga,Spain,16
144,Almeria,2014,35,38,32,208,Almeria,La Liga,Spain,19
145,Cordoba,2014,22,38,20,206,Cordoba,La Liga,Spain,20
146,Barcelona,2015,112,38,91,148,Barcelona,La Liga,Spain,1
147,Real Madrid,2015,110,38,90,150,Real Madrid,La Liga,Spain,2
148,Atletico Madrid,2015,63,38,88,143,Atletico Madrid,La Liga,Spain,3
149,Villarreal,2015,44,38,64,154,Villarreal,La Liga,Spain,4
150,Athletic Club,2015,58,38,62,147,Athletic Club,La Liga,Spain,5
151,Celta Vigo,2015,51,38,60,152,Celta Vigo,La Liga,Spain,6
152,Sevilla,2015,51,38,52,138,Sevilla,La Liga,Spain,7
153,Malaga,2015,38,38,48,137,Malaga,La Liga,Spain,8
154,Real Sociedad,2015,45,38,48,140,Real Sociedad,La Liga,Spain,8
155,Real Betis,2015,34,38,45,153,Real Betis,La Liga,Spain,10
156,Las Palmas,2015,45,38,44,144,Las Palmas,La Liga,Spain,11
157,Valencia,2015,46,38,44,146,Valencia,La Liga,Spain,11
158,Eibar,2015,49,38,43,156,Eibar,La Liga,Spain,13
159,Espanyol,2015,40,38,43,141,Espanyol,La Liga,Spain,13
160,Deportivo La Coruna,2015,45,38,42,139,Deportivo La Coruna,La Liga,Spain,15
161,Granada,2015,46,38,39,155,Granada,La Liga,Spain,16
162,Sporting Gijon,2015,40,38,39,149,Sporting Gijon,La Liga,Spain,16
163,Rayo Vallecano,2015,52,38,38,145,Rayo Vallecano,La Liga,Spain,18
164,Getafe,2015,37,38,36,142,Getafe,La Liga,Spain,19
165,Levante,2015,37,38,32,151,Levante,La Liga,Spain,20
166,Real Madrid,2016,106,38,93,150,Real Madrid,La Liga,Spain,1
167,Barcelona,2016,116,38,90,148,Barcelona,La Liga,Spain,2
168,Atletico Madrid,2016,70,38,78,143,Atletico Madrid,La Liga,Spain,3
169,Sevilla,2016,69,38,72,138,Sevilla,La Liga,Spain,4
170,Villarreal,2016,56,38,67,154,Villarreal,La Liga,Spain,5
171,Real Sociedad,2016,59,38,64,140,Real Sociedad,La Liga,Spain,6
172,Athletic Club,2016,53,38,63,147,Athletic Club,La Liga,Spain,7
173,Espanyol,2016,49,38,56,141,Espanyol,La Liga,Spain,8
174,Alaves,2016,41,38,55,158,Alaves,La Liga,Spain,9
175,Eibar,2016,56,38,54,156,Eibar,La Liga,Spain,10
176,Malaga,2016,49,38,46,137,Malaga,La Liga,Spain,11
177,Valencia,2016,56,38,46,146,Valencia,La Liga,Spain,11
178,Celta Vigo,2016,53,38,45,152,Celta Vigo,La Liga,Spain,13
179,Las Palmas,2016,53,38,39,144,Las Palmas,La Liga,Spain,14
180,Real Betis,2016,41,38,39,153,Real Betis,La Liga,Spain,14
181,Deportivo La Coruna,2016,43,38,36,139,Deportivo La Coruna,La Liga,Spain,16
182,Leganes,2016,36,38,35,159,Leganes,La Liga,Spain,17
183,Sporting Gijon,2016,42,38,31,149,Sporting Gijon,La Liga,Spain,18
184,Osasuna,2016,40,38,22,157,Osasuna,La Liga,Spain,19
185,Granada,2016,30,38,20,155,Granada,La Liga,Spain,20
186,Barcelona,2017,99,38,93,148,Barcelona,La Liga,Spain,1
187,Atletico Madrid,2017,58,38,79,143,Atletico Madrid,La Liga,Spain,2
188,Real Madrid,2017,94,38,76,150,Real Madrid,La Liga,Spain,3
189,Valencia,2017,65,38,73,146,Valencia,La Liga,Spain,4
190,Villarreal,2017,57,38,61,154,Villarreal,La Liga,Spain,5
191,Real Betis,2017,60,38,60,153,Real Betis,La Liga,Spain,6
192,Sevilla,2017,49,38,58,138,Sevilla,La Liga,Spain,7
193,Getafe,2017,42,38,55,142,Getafe,La Liga,Spain,8
194,Eibar,2017,44,38,51,156,Eibar,La Liga,Spain,9
195,Girona,2017,50,38,51,223,Girona,La Liga,Spain,9
196,Celta Vigo,2017,59,38,49,152,Celta Vigo,La Liga,Spain,11
197,Espanyol,2017,36,38,49,141,Espanyol,La Liga,Spain,11
198,Real Sociedad,2017,66,38,49,140,Real Sociedad,La Liga,Spain,11
199,Alaves,2017,40,38,47,158,Alaves,La Liga,Spain,14
200,Levante,2017,44,38,46,151,Levante,La Liga,Spain,15
201,Athletic Club,2017,41,38,43,147,Athletic Club,La Liga,Spain,16
202,Leganes,2017,34,38,43,159,Leganes,La Liga,Spain,16
203,Deportivo La Coruna,2017,38,38,29,139,Deportivo La Coruna,La Liga,Spain,18
204,Las Palmas,2017,24,38,22,144,Las Palmas,La Liga,Spain,19
205,Malaga,2017,24,38,20,137,Malaga,La Liga,Spain,20
206,Barcelona,2018,90,38,87,148,Barcelona,La Liga,Spain,1
207,Atletico Madrid,2018,55,38,76,143,Atletico Madrid,La Liga,Spain,2
208,Real Madrid,2018,63,38,68,150,Real Madrid,La Liga,Spain,3
209,Valencia,2018,51,38,61,146,Valencia,La Liga,Spain,4
210,Getafe,2018,48,38,59,142,Getafe,La Liga,Spain,5
211,Sevilla,2018,62,38,59,138,Sevilla,La Liga,Spain,5
212,Athletic Club,2018,41,38,53,147,Athletic Club,La Liga,Spain,7
213,Espanyol,2018,48,38,53,141,Espanyol,La Liga,Spain,7
214,Alaves,2018,39,38,50,158,Alaves,La Liga,Spain,9
215,Real Betis,2018,44,38,50,153,Real Betis,La Liga,Spain,9
216,Real Sociedad,2018,45,38,50,140,Real Sociedad,La Liga,Spain,9
217,Eibar,2018,46,38,47,156,Eibar,La Liga,Spain,12
218,Leganes,2018,37,38,45,159,Leganes,La Liga,Spain,13
219,Levante,2018,59,38,44,151,Levante,La Liga,Spain,14
220,Villarreal,2018,49,38,44,154,Villarreal,La Liga,Spain,14
221,Celta Vigo,2018,53,38,41,152,Celta Vigo,La Liga,Spain,16
222,Real Valladolid,2018,32,38,41,231,Real Valladolid,La Liga,Spain,16
223,Girona,2018,37,38,37,223,Girona,La Liga,Spain,18
224,SD Huesca,2018,43,38,33,232,SD Huesca,La Liga,Spain,19
225,Rayo Vallecano,2018,41,38,32,145,Rayo Vallecano,La Liga,Spain,20
226,Real Madrid,2019,70,38,87,150,Real Madrid,La Liga,Spain,1
227,Barcelona,2019,86,38,82,148,Barcelona,La Liga,Spain,2
228,Atletico Madrid,2019,51,38,70,143,Atletico Madrid,La Liga,Spain,3
229,Sevilla,2019,54,38,70,138,Sevilla,La Liga,Spain,3
230,Villarreal,2019,63,38,60,154,Villarreal,La Liga,Spain,5
231,Granada,2019,52,38,56,155,Granada,La Liga,Spain,6
232,Real Sociedad,2019,56,38,56,140,Real Sociedad,La Liga,Spain,6
233,Getafe,2019,43,38,54,142,Getafe,La Liga,Spain,8
234,Valencia,2019,46,38,53,146,Valencia,La Liga,Spain,9
235,Osasuna,2019,46,38,52,157,Osasuna,La Liga,Spain,10
236,Athletic Club,2019,41,38,51,147,Athletic Club,La Liga,Spain,11
237,Levante,2019,47,38,49,151,Levante,La Liga,Spain,12
238,Eibar,2019,39,38,42,156,Eibar,La Liga,Spain,13
239,Real Valladolid,2019,32,38,42,231,Real Valladolid,La Liga,Spain,13
240,Real Betis,2019,48,38,41,153,Real Betis,La Liga,Spain,15
241,Alaves,2019,34,38,39,158,Alaves,La Liga,Spain,16
242,Celta Vigo,2019,37,38,37,152,Celta Vigo,La Liga,Spain,17
243,Leganes,2019,30,38,36,159,Leganes,La Liga,Spain,18
244,Mallorca,2019,40,38,33,239,Mallorca,La Liga,Spain,19
245,Espanyol,2019,27,38,25,141,Espanyol,La Liga,Spain,20
246,Atletico Madrid,2020,67,38,86,143,Atletico Madrid,La Liga,Spain,1
247,Real Madrid,2020,67,38,84,150,Real Madrid,La Liga,Spain,2
248,Barcelona,2020,85,38,79,148,Barcelona,La Liga,Spain,3
249,Sevilla,2020,53,38,77,138,Sevilla,La Liga,Spain,4
250,Real Sociedad,2020,59,38,62,140,Real Sociedad,La Liga,Spain,5
251,Real Betis,2020,50,38,61,153,Real Betis,La Liga,Spain,6
252,Villarreal,2020,60,38,58,154,Villarreal,La Liga,Spain,7
253,Celta Vigo,2020,55,38,53,152,Celta Vigo,La Liga,Spain,8
254,Athletic Club,2020,46,38,46,147,Athletic Club,La Liga,Spain,9
255,Granada,2020,47,38,46,155,Granada,La Liga,Spain,9
256,Cadiz,2020,36,38,44,261,Cadiz,La Liga,Spain,11
257,Osasuna,2020,37,38,44,157,Osasuna,La Liga,Spain,11
258,Valencia,2020,50,38,43,146,Valencia,La Liga,Spain,13
259,Levante,2020,46,38,41,151,Levante,La Liga,Spain,14
260,Alaves,2020,36,38,38,158,Alaves,La Liga,Spain,15
261,Getafe,2020,28,38,38,142,Getafe,La Liga,Spain,15
262,Elche,2020,34,38,36,207,Elche,La Liga,Spain,17
263,SD Huesca,2020,34,38,34,232,SD Huesca,La Liga,Spain,18
264,Real Valladolid,2020,34,38,31,231,Real Valladolid,La Liga,Spain,19
265,Eibar,2020,29,38,30,156,Eibar,La Liga,Spain,20
266,Paris Saint Germain,2014,83,38,83,161,Paris Saint Germain,Ligue 1,France,1
267,Lyon,2014,72,38,75,178,Lyon,Ligue 1,France,2
268,Monaco,2014,51,38,71,171,Monaco,Ligue 1,France,3
269,Marseille,2014,76,38,69,164,Marseille,Ligue 1,France,4
270,Saint-Etienne,2014,51,38,69,175,Saint-Etienne,Ligue 1,France,4
271,Bordeaux,2014,47,38,63,176,Bordeaux,Ligue 1,France,6
272,Lille,2014,43,38,56,160,Lille,Ligue 1,France,7
273,Montpellier,2014,46,38,56,166,Montpellier,Ligue 1,France,7
274,Rennes,2014,35,38,50,163,Rennes,Ligue 1,France,9
275,Guingamp,2014,41,38,49,169,Guingamp,Ligue 1,France,10
276,Nice,2014,44,38,48,170,Nice,Ligue 1,France,11
277,SC Bastia,2014,37,38,47,162,SC Bastia,Ligue 1,France,12
278,Caen,2014,54,38,46,165,Caen,Ligue 1,France,13
279,Nantes,2014,29,38,45,168,Nantes,Ligue 1,France,14
280,Reims,2014,47,38,44,177,Reims,Ligue 1,France,15
281,Lorient,2014,44,38,43,179,Lorient,Ligue 1,France,16
282,Toulouse,2014,43,38,42,174,Toulouse,Ligue 1,France,17
283,Evian Thonon Gaillard,2014,41,38,37,209,Evian Thonon Gaillard,Ligue 1,France,18
284,Metz,2014,31,38,30,180,Metz,Ligue 1,France,19
285,Lens,2014,32,38,29,210,Lens,Ligue 1,France,20
286,Paris Saint Germain,2015,102,38,96,161,Paris Saint Germain,Ligue 1,France,1
287,Lyon,2015,67,38,65,178,Lyon,Ligue 1,France,2
288,Monaco,2015,57,38,65,171,Monaco,Ligue 1,France,2
289,Nice,2015,58,38,63,170,Nice,Ligue 1,France,4
290,Lille,2015,39,38,60,160,Lille,Ligue 1,France,5
291,Saint-Etienne,2015,42,38,58,175,Saint-Etienne,Ligue 1,France,6
292,Caen,2015,39,38,54,165,Caen,Ligue 1,France,7
293,Rennes,2015,52,38,52,163,Rennes,Ligue 1,France,8
294,Angers,2015,40,38,50,167,Angers,Ligue 1,France,9
295,Bordeaux,2015,50,38,50,176,Bordeaux,Ligue 1,France,9
296,SC Bastia,2015,36,38,50,162,SC Bastia,Ligue 1,France,9
297,Montpellier,2015,49,38,49,166,Montpellier,Ligue 1,France,12
298,Marseille,2015,48,38,48,164,Marseille,Ligue 1,France,13
299,Nantes,2015,33,38,48,168,Nantes,Ligue 1,France,13
300,Lorient,2015,47,38,46,179,Lorient,Ligue 1,France,15
301,Guingamp,2015,47,38,44,169,Guingamp,Ligue 1,France,16
302,Toulouse,2015,45,38,40,174,Toulouse,Ligue 1,France,17
303,Reims,2015,44,38,39,177,Reims,Ligue 1,France,18
304,GFC Ajaccio,2015,37,38,37,173,GFC Ajaccio,Ligue 1,France,19
305,Troyes,2015,28,38,18,172,Troyes,Ligue 1,France,20
306,Monaco,2016,107,38,95,171,Monaco,Ligue 1,France,1
307,Paris Saint Germain,2016,83,38,87,161,Paris Saint Germain,Ligue 1,France,2
308,Nice,2016,63,38,78,170,Nice,Ligue 1,France,3
309,Lyon,2016,77,37,64,178,Lyon,Ligue 1,France,4
310,Marseille,2016,57,38,62,164,Marseille,Ligue 1,France,5
311,Bordeaux,2016,53,38,59,176,Bordeaux,Ligue 1,France,6
312,Nantes,2016,40,38,51,168,Nantes,Ligue 1,France,7
313,Guingamp,2016,46,38,50,169,Guingamp,Ligue 1,France,8
314,Rennes,2016,36,38,50,163,Rennes,Ligue 1,France,8
315,Saint-Etienne,2016,41,38,50,175,Saint-Etienne,Ligue 1,France,8
316,Angers,2016,40,38,46,167,Angers,Ligue 1,France,11
317,Lille,2016,40,38,46,160,Lille,Ligue 1,France,11
318,Toulouse,2016,37,38,44,174,Toulouse,Ligue 1,France,13
319,Metz,2016,39,38,43,180,Metz,Ligue 1,France,14
320,Montpellier,2016,48,38,39,166,Montpellier,Ligue 1,France,15
321,Caen,2016,36,38,37,165,Caen,Ligue 1,France,16
322,Dijon,2016,46,38,37,181,Dijon,Ligue 1,France,16
323,Lorient,2016,44,38,36,179,Lorient,Ligue 1,France,18
324,Nancy,2016,29,38,35,182,Nancy,Ligue 1,France,19
325,SC Bastia,2016,29,37,34,162,SC Bastia,Ligue 1,France,20
326,Paris Saint Germain,2017,108,38,93,161,Paris Saint Germain,Ligue 1,France,1
327,Monaco,2017,85,38,80,171,Monaco,Ligue 1,France,2
328,Lyon,2017,87,38,78,178,Lyon,Ligue 1,France,3
329,Marseille,2017,80,38,77,164,Marseille,Ligue 1,France,4
330,Rennes,2017,50,38,58,163,Rennes,Ligue 1,France,5
331,Bordeaux,2017,53,38,55,176,Bordeaux,Ligue 1,France,6
332,Saint-Etienne,2017,47,38,55,175,Saint-Etienne,Ligue 1,France,6
333,Nice,2017,53,38,54,170,Nice,Ligue 1,France,8
334,Nantes,2017,36,38,52,168,Nantes,Ligue 1,France,9
335,Montpellier,2017,36,38,51,166,Montpellier,Ligue 1,France,10
336,Dijon,2017,55,38,48,181,Dijon,Ligue 1,France,11
337,Guingamp,2017,48,38,47,169,Guingamp,Ligue 1,France,12
338,Amiens,2017,37,38,45,224,Amiens,Ligue 1,France,13
339,Angers,2017,42,38,41,167,Angers,Ligue 1,France,14
340,Caen,2017,27,38,38,165,Caen,Ligue 1,France,15
341,Lille,2017,41,38,38,160,Lille,Ligue 1,France,15
342,Strasbourg,2017,44,38,38,225,Strasbourg,Ligue 1,France,15
343,Toulouse,2017,38,38,37,174,Toulouse,Ligue 1,France,18
344,Troyes,2017,32,38,33,172,Troyes,Ligue 1,France,19
345,Metz,2017,34,38,26,180,Metz,Ligue 1,France,20
346,Paris Saint Germain,2018,105,38,91,161,Paris Saint Germain,Ligue 1,France,1
347,Lille,2018,68,38,75,160,Lille,Ligue 1,France,2
348,Lyon,2018,70,38,72,178,Lyon,Ligue 1,France,3
349,Saint-Etienne,2018,59,38,66,175,Saint-Etienne,Ligue 1,France,4
350,Marseille,2018,60,38,61,164,Marseille,Ligue 1,France,5
351,Montpellier,2018,53,38,59,166,Montpellier,Ligue 1,France,6
352,Nice,2018,30,38,56,170,Nice,Ligue 1,France,7
353,Reims,2018,39,38,55,177,Reims,Ligue 1,France,8
354,Nimes,2018,57,38,53,235,Nimes,Ligue 1,France,9
355,Rennes,2018,55,38,52,163,Rennes,Ligue 1,France,10
356,Strasbourg,2018,58,38,49,225,Strasbourg,Ligue 1,France,11
357,Nantes,2018,48,38,48,168,Nantes,Ligue 1,France,12
358,Angers,2018,44,38,46,167,Angers,Ligue 1,France,13
359,Bordeaux,2018,34,38,41,176,Bordeaux,Ligue 1,France,14
360,Amiens,2018,31,38,38,224,Amiens,Ligue 1,France,15
361,Toulouse,2018,35,38,38,174,Toulouse,Ligue 1,France,15
362,Monaco,2018,38,38,36,171,Monaco,Ligue 1,France,17
363,Dijon,2018,31,38,34,181,Dijon,Ligue 1,France,18
364,Caen,2018,29,38,33,165,Caen,Ligue 1,France,19
365,Guingamp,2018,28,38,27,169,Guingamp,Ligue 1,France,20
366,Paris Saint Germain,2019,75,27,68,161,Paris Saint Germain,Ligue 1,France,1
367,Marseille,2019,41,28,56,164,Marseille,Ligue 1,France,2
368,Rennes,2019,38,28,50,163,Rennes,Ligue 1,France,3
369,Lille,2019,35,28,49,160,Lille,Ligue 1,France,4
370,Nice,2019,41,28,41,170,Nice,Ligue 1,France,5
371,Reims,2019,26,28,41,177,Reims,Ligue 1,France,5
372,Lyon,2019,42,28,40,178,Lyon,Ligue 1,France,7
373,Monaco,2019,44,28,40,171,Monaco,Ligue 1,France,7
374,Montpellier,2019,35,28,40,166,Montpellier,Ligue 1,France,7
375,Angers,2019,28,28,39,167,Angers,Ligue 1,France,10
376,Strasbourg,2019,32,27,38,225,Strasbourg,Ligue 1,France,11
377,Bordeaux,2019,40,28,37,176,Bordeaux,Ligue 1,France,12
378,Nantes,2019,28,28,37,168,Nantes,Ligue 1,France,12
379,Brest,2019,34,28,34,241,Brest,Ligue 1,France,14
380,Metz,2019,27,28,34,180,Metz,Ligue 1,France,14
381,Dijon,2019,27,28,30,181,Dijon,Ligue 1,France,16
382,Saint-Etienne,2019,29,28,30,175,Saint-Etienne,Ligue 1,France,16
383,Nimes,2019,29,28,27,235,Nimes,Ligue 1,France,18
384,Amiens,2019,31,28,23,224,Amiens,Ligue 1,France,19
385,Toulouse,2019,22,28,13,174,Toulouse,Ligue 1,France,20
386,Lille,2020,64,38,83,160,Lille,Ligue 1,France,1
387,Paris Saint Germain,2020,86,38,82,161,Paris Saint Germain,Ligue 1,France,2
388,Monaco,2020,76,38,78,171,Monaco,Ligue 1,France,3
389,Lyon,2020,81,38,76,178,Lyon,Ligue 1,France,4
390,Marseille,2020,54,38,60,164,Marseille,Ligue 1,France,5
391,Rennes,2020,52,38,58,163,Rennes,Ligue 1,France,6
392,Lens,2020,55,38,57,210,Lens,Ligue 1,France,7
393,Montpellier,2020,60,38,54,166,Montpellier,Ligue 1,France,8
394,Nice,2020,50,38,52,170,Nice,Ligue 1,France,9
395,Metz,2020,44,38,47,180,Metz,Ligue 1,France,10
396,Saint-Etienne,2020,42,38,46,175,Saint-Etienne,Ligue 1,France,11
397,Bordeaux,2020,42,38,45,176,Bordeaux,Ligue 1,France,12
398,Angers,2020,40,38,44,167,Angers,Ligue 1,France,13
399,Lorient,2020,50,38,42,179,Lorient,Ligue 1,France,14
400,Reims,2020,42,38,42,177,Reims,Ligue 1,France,14
401,Strasbourg,2020,49,38,42,225,Strasbourg,Ligue 1,France,14
402,Brest,2020,50,38,41,241,Brest,Ligue 1,France,17
403,Nantes,2020,47,38,40,168,Nantes,Ligue 1,France,18
404,Nimes,2020,40,38,35,235,Nimes,Ligue 1,France,19
405,Dijon,2020,25,38,21,181,Dijon,Ligue 1,France,20
406,Chelsea,2014,73,38,87,80,Chelsea,Premier League,United Kingdom,1
407,Manchester City,2014,83,38,79,88,Manchester City,Premier League,United Kingdom,2
408,Arsenal,2014,71,38,75,83,Arsenal,Premier League,United Kingdom,3
409,Manchester United,2014,62,38,70,89,Manchester United,Premier League,United Kingdom,4
410,Tottenham,2014,58,38,64,82,Tottenham,Premier League,United Kingdom,5
411,Liverpool,2014,52,38,62,87,Liverpool,Premier League,United Kingdom,6
412,Southampton,2014,54,38,60,74,Southampton,Premier League,United Kingdom,7
413,Swansea,2014,46,38,56,84,Swansea,Premier League,United Kingdom,8
414,Stoke,2014,48,38,54,85,Stoke,Premier League,United Kingdom,9
415,Crystal Palace,2014,47,38,48,78,Crystal Palace,Premier League,United Kingdom,10
416,Everton,2014,48,38,47,72,Everton,Premier League,United Kingdom,11
417,West Ham,2014,44,38,47,81,West Ham,Premier League,United Kingdom,11
418,West Bromwich Albion,2014,38,38,44,76,West Bromwich Albion,Premier League,United Kingdom,13
419,Leicester,2014,46,38,41,75,Leicester,Premier League,United Kingdom,14
420,Newcastle United,2014,40,38,39,86,Newcastle United,Premier League,United Kingdom,15
421,Aston Villa,2014,31,38,38,71,Aston Villa,Premier League,United Kingdom,16
422,Sunderland,2014,31,38,38,77,Sunderland,Premier League,United Kingdom,16
423,Hull,2014,33,38,35,91,Hull,Premier League,United Kingdom,18
424,Burnley,2014,28,38,33,92,Burnley,Premier League,United Kingdom,19
425,Queens Park Rangers,2014,42,38,30,202,Queens Park Rangers,Premier League,United Kingdom,20
426,Leicester,2015,68,38,81,75,Leicester,Premier League,United Kingdom,1
427,Arsenal,2015,65,38,71,83,Arsenal,Premier League,United Kingdom,2
428,Tottenham,2015,69,38,70,82,Tottenham,Premier League,United Kingdom,3
429,Manchester City,2015,71,38,66,88,Manchester City,Premier League,United Kingdom,4
430,Manchester United,2015,49,38,66,89,Manchester United,Premier League,United Kingdom,4
431,Southampton,2015,59,38,63,74,Southampton,Premier League,United Kingdom,6
432,West Ham,2015,65,38,62,81,West Ham,Premier League,United Kingdom,7
433,Liverpool,2015,63,38,60,87,Liverpool,Premier League,United Kingdom,8
434,Stoke,2015,41,38,51,85,Stoke,Premier League,United Kingdom,9
435,Chelsea,2015,59,38,50,80,Chelsea,Premier League,United Kingdom,10
436,Everton,2015,59,38,47,72,Everton,Premier League,United Kingdom,11
437,Swansea,2015,42,38,47,84,Swansea,Premier League,United Kingdom,11
438,Watford,2015,40,38,45,90,Watford,Premier League,United Kingdom,13
439,West Bromwich Albion,2015,34,38,43,76,West Bromwich Albion,Premier League,United Kingdom,14
440,Bournemouth,2015,45,38,42,73,Bournemouth,Premier League,United Kingdom,15
441,Crystal Palace,2015,39,38,42,78,Crystal Palace,Premier League,United Kingdom,15
442,Sunderland,2015,48,38,39,77,Sunderland,Premier League,United Kingdom,17
443,Newcastle United,2015,44,38,37,86,Newcastle United,Premier League,United Kingdom,18
444,Norwich,2015,39,38,34,79,Norwich,Premier League,United Kingdom,19
445,Aston Villa,2015,27,38,17,71,Aston Villa,Premier League,United Kingdom,20
446,Chelsea,2016,85,38,93,80,Chelsea,Premier League,United Kingdom,1
447,Tottenham,2016,86,38,86,82,Tottenham,Premier League,United Kingdom,2
448,Manchester City,2016,80,38,78,88,Manchester City,Premier League,United Kingdom,3
449,Liverpool,2016,78,38,76,87,Liverpool,Premier League,United Kingdom,4
450,Arsenal,2016,77,38,75,83,Arsenal,Premier League,United Kingdom,5
451,Manchester United,2016,54,38,69,89,Manchester United,Premier League,United Kingdom,6
452,Everton,2016,62,38,61,72,Everton,Premier League,United Kingdom,7
453,Bournemouth,2016,55,38,46,73,Bournemouth,Premier League,United Kingdom,8
454,Southampton,2016,41,38,46,74,Southampton,Premier League,United Kingdom,8
455,West Bromwich Albion,2016,43,38,45,76,West Bromwich Albion,Premier League,United Kingdom,10
456,West Ham,2016,47,38,45,81,West Ham,Premier League,United Kingdom,10
457,Leicester,2016,48,38,44,75,Leicester,Premier League,United Kingdom,12
458,Stoke,2016,41,38,44,85,Stoke,Premier League,United Kingdom,12
459,Crystal Palace,2016,50,38,41,78,Crystal Palace,Premier League,United Kingdom,14
460,Swansea,2016,45,38,41,84,Swansea,Premier League,United Kingdom,14
461,Burnley,2016,39,38,40,92,Burnley,Premier League,United Kingdom,16
462,Watford,2016,40,38,40,90,Watford,Premier League,United Kingdom,16
463,Hull,2016,37,38,34,91,Hull,Premier League,United Kingdom,18
464,Middlesbrough,2016,27,38,28,93,Middlesbrough,Premier League,United Kingdom,19
465,Sunderland,2016,29,38,24,77,Sunderland,Premier League,United Kingdom,20
466,Manchester City,2017,106,38,100,88,Manchester City,Premier League,United Kingdom,1
467,Manchester United,2017,68,38,81,89,Manchester United,Premier League,United Kingdom,2
468,Tottenham,2017,74,38,77,82,Tottenham,Premier League,United Kingdom,3
469,Liverpool,2017,84,38,75,87,Liverpool,Premier League,United Kingdom,4
470,Chelsea,2017,62,38,70,80,Chelsea,Premier League,United Kingdom,5
471,Arsenal,2017,74,38,63,83,Arsenal,Premier League,United Kingdom,6
472,Burnley,2017,36,38,54,92,Burnley,Premier League,United Kingdom,7
473,Everton,2017,44,38,49,72,Everton,Premier League,United Kingdom,8
474,Leicester,2017,56,38,47,75,Leicester,Premier League,United Kingdom,9
475,Bournemouth,2017,45,38,44,73,Bournemouth,Premier League,United Kingdom,10
476,Crystal Palace,2017,45,38,44,78,Crystal Palace,Premier League,United Kingdom,10
477,Newcastle United,2017,39,38,44,86,Newcastle United,Premier League,United Kingdom,10
478,West Ham,2017,48,38,42,81,West Ham,Premier League,United Kingdom,13
479,Watford,2017,44,38,41,90,Watford,Premier League,United Kingdom,14
480,Brighton,2017,34,38,40,220,Brighton,Premier League,United Kingdom,15
481,Huddersfield,2017,28,38,37,219,Huddersfield,Premier League,United Kingdom,16
482,Southampton,2017,37,38,36,74,Southampton,Premier League,United Kingdom,17
483,Stoke,2017,35,38,33,85,Stoke,Premier League,United Kingdom,18
484,Swansea,2017,28,38,33,84,Swansea,Premier League,United Kingdom,18
485,West Bromwich Albion,2017,31,38,31,76,West Bromwich Albion,Premier League,United Kingdom,20
486,Manchester City,2018,95,38,98,88,Manchester City,Premier League,United Kingdom,1
487,Liverpool,2018,89,38,97,87,Liverpool,Premier League,United Kingdom,2
488,Chelsea,2018,63,38,72,80,Chelsea,Premier League,United Kingdom,3
489,Tottenham,2018,67,38,71,82,Tottenham,Premier League,United Kingdom,4
490,Arsenal,2018,73,38,70,83,Arsenal,Premier League,United Kingdom,5
491,Manchester United,2018,65,38,66,89,Manchester United,Premier League,United Kingdom,6
492,Wolverhampton Wanderers,2018,47,38,57,229,Wolverhampton Wanderers,Premier League,United Kingdom,7
493,Everton,2018,54,38,54,72,Everton,Premier League,United Kingdom,8
494,Leicester,2018,51,38,52,75,Leicester,Premier League,United Kingdom,9
495,West Ham,2018,52,38,52,81,West Ham,Premier League,United Kingdom,9
496,Watford,2018,52,38,50,90,Watford,Premier League,United Kingdom,11
497,Crystal Palace,2018,51,38,49,78,Crystal Palace,Premier League,United Kingdom,12
498,Bournemouth,2018,56,38,45,73,Bournemouth,Premier League,United Kingdom,13
499,Newcastle United,2018,42,38,45,86,Newcastle United,Premier League,United Kingdom,13
500,Burnley,2018,45,38,40,92,Burnley,Premier League,United Kingdom,15
501,Southampton,2018,45,38,39,74,Southampton,Premier League,United Kingdom,16
502,Brighton,2018,35,38,36,220,Brighton,Premier League,United Kingdom,17
503,Cardiff,2018,34,38,34,227,Cardiff,Premier League,United Kingdom,18
504,Fulham,2018,34,38,26,228,Fulham,Premier League,United Kingdom,19
505,Huddersfield,2018,22,38,16,219,Huddersfield,Premier League,United Kingdom,20
506,Liverpool,2019,85,38,99,87,Liverpool,Premier League,United Kingdom,1
507,Manchester City,2019,102,38,81,88,Manchester City,Premier League,United Kingdom,2
508,Chelsea,2019,69,38,66,80,Chelsea,Premier League,United Kingdom,3
509,Manchester United,2019,66,38,66,89,Manchester United,Premier League,United Kingdom,3
510,Leicester,2019,67,38,62,75,Leicester,Premier League,United Kingdom,5
511,Tottenham,2019,61,38,59,82,Tottenham,Premier League,United Kingdom,6
512,Wolverhampton Wanderers,2019,51,38,59,229,Wolverhampton Wanderers,Premier League,United Kingdom,6
513,Arsenal,2019,56,38,56,83,Arsenal,Premier League,United Kingdom,8
514,Burnley,2019,43,38,54,92,Burnley,Premier League,United Kingdom,9
515,Sheffield United,2019,39,38,54,238,Sheffield United,Premier League,United Kingdom,9
516,Southampton,2019,51,38,52,74,Southampton,Premier League,United Kingdom,11
517,Everton,2019,44,38,49,72,Everton,Premier League,United Kingdom,12
518,Newcastle United,2019,38,38,44,86,Newcastle United,Premier League,United Kingdom,13
519,Crystal Palace,2019,31,38,43,78,Crystal Palace,Premier League,United Kingdom,14
520,Brighton,2019,39,38,41,220,Brighton,Premier League,United Kingdom,15
521,West Ham,2019,49,38,39,81,West Ham,Premier League,United Kingdom,16
522,Aston Villa,2019,41,38,35,71,Aston Villa,Premier League,United Kingdom,17
523,Bournemouth,2019,40,38,34,73,Bournemouth,Premier League,United Kingdom,18
524,Watford,2019,36,38,34,90,Watford,Premier League,United Kingdom,18
525,Norwich,2019,26,38,21,79,Norwich,Premier League,United Kingdom,20
526,Manchester City,2020,83,38,86,88,Manchester City,Premier League,United Kingdom,1
527,Manchester United,2020,73,38,74,89,Manchester United,Premier League,United Kingdom,2
528,Liverpool,2020,68,38,69,87,Liverpool,Premier League,United Kingdom,3
529,Chelsea,2020,58,38,67,80,Chelsea,Premier League,United Kingdom,4
530,Leicester,2020,68,38,66,75,Leicester,Premier League,United Kingdom,5
531,West Ham,2020,62,38,65,81,West Ham,Premier League,United Kingdom,6
532,Tottenham,2020,68,38,62,82,Tottenham,Premier League,United Kingdom,7
533,Arsenal,2020,55,38,61,83,Arsenal,Premier League,United Kingdom,8
534,Everton,2020,47,38,59,72,Everton,Premier League,United Kingdom,9
535,Leeds,2020,62,38,59,245,Leeds,Premier League,United Kingdom,9
536,Aston Villa,2020,55,38,55,71,Aston Villa,Premier League,United Kingdom,11
537,Newcastle United,2020,46,38,45,86,Newcastle United,Premier League,United Kingdom,12
538,Wolverhampton Wanderers,2020,36,38,45,229,Wolverhampton Wanderers,Premier League,United Kingdom,12
539,Crystal Palace,2020,41,38,44,78,Crystal Palace,Premier League,United Kingdom,14
540,Southampton,2020,47,38,43,74,Southampton,Premier League,United Kingdom,15
541,Brighton,2020,40,38,41,220,Brighton,Premier League,United Kingdom,16
542,Burnley,2020,33,38,39,92,Burnley,Premier League,United Kingdom,17
543,Fulham,2020,27,38,28,228,Fulham,Premier League,United Kingdom,18
544,West Bromwich Albion,2020,35,38,26,76,West Bromwich Albion,Premier League,United Kingdom,19
545,Sheffield United,2020,20,38,23,238,Sheffield United,Premier League,United Kingdom,20
546,Juventus,2014,72,38,87,98,Juventus,Serie A,Italy,1
547,Roma,2014,54,38,70,95,Roma,Serie A,Italy,2
548,Lazio,2014,71,38,69,96,Lazio,Serie A,Italy,3
549,Fiorentina,2014,61,38,64,110,Fiorentina,Serie A,Italy,4
550,Napoli,2014,70,38,63,105,Napoli,Serie A,Italy,5
551,Genoa,2014,62,38,59,101,Genoa,Serie A,Italy,6
552,Sampdoria,2014,48,38,56,102,Sampdoria,Serie A,Italy,7
553,Inter,2014,59,38,55,106,Inter,Serie A,Italy,8
554,Torino,2014,48,38,54,113,Torino,Serie A,Italy,9
555,AC Milan,2014,56,38,52,111,AC Milan,Serie A,Italy,10
556,Palermo,2014,53,38,49,100,Palermo,Serie A,Italy,11
557,Sassuolo,2014,49,38,49,104,Sassuolo,Serie A,Italy,11
558,Verona,2014,49,38,46,94,Verona,Serie A,Italy,13
559,Chievo,2014,28,38,43,109,Chievo,Serie A,Italy,14
560,Empoli,2014,46,38,42,108,Empoli,Serie A,Italy,15
561,Udinese,2014,43,38,41,99,Udinese,Serie A,Italy,16
562,Atalanta,2014,38,38,37,107,Atalanta,Serie A,Italy,17
563,Cagliari,2014,48,38,34,116,Cagliari,Serie A,Italy,18
564,Parma Calcio 1913,2014,33,38,26,230,Parma Calcio 1913,Serie A,Italy,19
565,Cesena,2014,36,38,24,203,Cesena,Serie A,Italy,20
566,Juventus,2015,75,38,91,98,Juventus,Serie A,Italy,1
567,Napoli,2015,80,38,82,105,Napoli,Serie A,Italy,2
568,Roma,2015,83,38,80,95,Roma,Serie A,Italy,3
569,Inter,2015,50,38,67,106,Inter,Serie A,Italy,4
570,Fiorentina,2015,60,38,64,110,Fiorentina,Serie A,Italy,5
571,Sassuolo,2015,49,38,61,104,Sassuolo,Serie A,Italy,6
572,AC Milan,2015,49,38,57,111,AC Milan,Serie A,Italy,7
573,Lazio,2015,52,38,54,96,Lazio,Serie A,Italy,8
574,Chievo,2015,43,38,50,109,Chievo,Serie A,Italy,9
575,Empoli,2015,40,38,46,108,Empoli,Serie A,Italy,10
576,Genoa,2015,45,38,46,101,Genoa,Serie A,Italy,10
577,Atalanta,2015,41,38,45,107,Atalanta,Serie A,Italy,12
578,Torino,2015,52,38,45,113,Torino,Serie A,Italy,12
579,Bologna,2015,33,38,42,97,Bologna,Serie A,Italy,14
580,Sampdoria,2015,48,38,40,102,Sampdoria,Serie A,Italy,15
581,Palermo,2015,38,38,39,100,Palermo,Serie A,Italy,16
582,Udinese,2015,35,38,39,99,Udinese,Serie A,Italy,16
583,Carpi,2015,37,38,38,103,Carpi,Serie A,Italy,18
584,Frosinone,2015,35,38,31,112,Frosinone,Serie A,Italy,19
585,Verona,2015,34,38,28,94,Verona,Serie A,Italy,20
586,Juventus,2016,77,38,91,98,Juventus,Serie A,Italy,1
587,Roma,2016,90,38,87,95,Roma,Serie A,Italy,2
588,Napoli,2016,94,38,86,105,Napoli,Serie A,Italy,3
589,Atalanta,2016,62,38,72,107,Atalanta,Serie A,Italy,4
590,Lazio,2016,74,38,70,96,Lazio,Serie A,Italy,5
591,AC Milan,2016,57,38,63,111,AC Milan,Serie A,Italy,6
592,Inter,2016,72,38,62,106,Inter,Serie A,Italy,7
593,Fiorentina,2016,63,38,60,110,Fiorentina,Serie A,Italy,8
594,Torino,2016,71,38,53,113,Torino,Serie A,Italy,9
595,Sassuolo,2016,60,38,49,104,Sassuolo,Serie A,Italy,10
596,Sampdoria,2016,49,38,48,102,Sampdoria,Serie A,Italy,11
597,Cagliari,2016,55,38,47,116,Cagliari,Serie A,Italy,12
598,Udinese,2016,47,38,45,99,Udinese,Serie A,Italy,13
599,Chievo,2016,43,38,43,109,Chievo,Serie A,Italy,14
600,Bologna,2016,40,38,41,97,Bologna,Serie A,Italy,15
601,Genoa,2016,38,38,36,101,Genoa,Serie A,Italy,16
602,Crotone,2016,34,38,34,115,Crotone,Serie A,Italy,17
603,Empoli,2016,29,38,32,108,Empoli,Serie A,Italy,18
604,Palermo,2016,33,38,26,100,Palermo,Serie A,Italy,19
605,Pescara,2016,35,38,15,114,Pescara,Serie A,Italy,20
606,Juventus,2017,86,38,95,98,Juventus,Serie A,Italy,1
607,Napoli,2017,77,38,91,105,Napoli,Serie A,Italy,2
608,Roma,2017,61,38,77,95,Roma,Serie A,Italy,3
609,Inter,2017,66,38,72,106,Inter,Serie A,Italy,4
610,Lazio,2017,89,38,72,96,Lazio,Serie A,Italy,4
611,AC Milan,2017,56,38,64,111,AC Milan,Serie A,Italy,6
612,Atalanta,2017,57,38,60,107,Atalanta,Serie A,Italy,7
613,Fiorentina,2017,54,38,57,110,Fiorentina,Serie A,Italy,8
614,Sampdoria,2017,56,38,54,102,Sampdoria,Serie A,Italy,9
615,Torino,2017,54,38,54,113,Torino,Serie A,Italy,9
616,Sassuolo,2017,29,38,43,104,Sassuolo,Serie A,Italy,11
617,Genoa,2017,33,38,41,101,Genoa,Serie A,Italy,12
618,Chievo,2017,36,38,40,109,Chievo,Serie A,Italy,13
619,Udinese,2017,48,38,40,99,Udinese,Serie A,Italy,13
620,Bologna,2017,40,38,39,97,Bologna,Serie A,Italy,15
621,Cagliari,2017,33,38,39,116,Cagliari,Serie A,Italy,15
622,SPAL 2013,2017,39,38,38,221,SPAL 2013,Serie A,Italy,17
623,Crotone,2017,40,38,35,115,Crotone,Serie A,Italy,18
624,Verona,2017,30,38,25,94,Verona,Serie A,Italy,19
625,Benevento,2017,33,38,21,222,Benevento,Serie A,Italy,20
626,Juventus,2018,70,38,90,98,Juventus,Serie A,Italy,1
627,Napoli,2018,74,38,79,105,Napoli,Serie A,Italy,2
628,Atalanta,2018,77,38,69,107,Atalanta,Serie A,Italy,3
629,Inter,2018,57,38,69,106,Inter,Serie A,Italy,3
630,AC Milan,2018,55,38,68,111,AC Milan,Serie A,Italy,5
631,Roma,2018,66,38,66,95,Roma,Serie A,Italy,6
632,Torino,2018,52,38,63,113,Torino,Serie A,Italy,7
633,Lazio,2018,56,38,59,96,Lazio,Serie A,Italy,8
634,Sampdoria,2018,60,38,53,102,Sampdoria,Serie A,Italy,9
635,Bologna,2018,48,38,44,97,Bologna,Serie A,Italy,10
636,Sassuolo,2018,53,38,43,104,Sassuolo,Serie A,Italy,11
637,Udinese,2018,39,38,43,99,Udinese,Serie A,Italy,11
638,SPAL 2013,2018,44,38,42,221,SPAL 2013,Serie A,Italy,13
639,Cagliari,2018,36,38,41,116,Cagliari,Serie A,Italy,14
640,Fiorentina,2018,47,38,41,110,Fiorentina,Serie A,Italy,14
641,Parma Calcio 1913,2018,41,38,41,230,Parma Calcio 1913,Serie A,Italy,14
642,Empoli,2018,51,38,38,108,Empoli,Serie A,Italy,17
643,Genoa,2018,39,38,38,101,Genoa,Serie A,Italy,17
644,Frosinone,2018,29,38,25,112,Frosinone,Serie A,Italy,19
645,Chievo,2018,25,38,20,109,Chievo,Serie A,Italy,20
646,Juventus,2019,76,38,83,98,Juventus,Serie A,Italy,1
647,Inter,2019,81,38,82,106,Inter,Serie A,Italy,2
648,Atalanta,2019,98,38,78,107,Atalanta,Serie A,Italy,3
649,Lazio,2019,79,38,78,96,Lazio,Serie A,Italy,3
650,Roma,2019,77,38,70,95,Roma,Serie A,Italy,5
651,AC Milan,2019,63,38,66,111,AC Milan,Serie A,Italy,6
652,Napoli,2019,61,38,62,105,Napoli,Serie A,Italy,7
653,Sassuolo,2019,69,38,51,104,Sassuolo,Serie A,Italy,8
654,Fiorentina,2019,51,38,49,110,Fiorentina,Serie A,Italy,9
655,Parma Calcio 1913,2019,56,38,49,230,Parma Calcio 1913,Serie A,Italy,9
656,Verona,2019,47,38,49,94,Verona,Serie A,Italy,9
657,Bologna,2019,52,38,47,97,Bologna,Serie A,Italy,12
658,Cagliari,2019,52,38,45,116,Cagliari,Serie A,Italy,13
659,Udinese,2019,37,38,45,99,Udinese,Serie A,Italy,13
660,Sampdoria,2019,48,38,42,102,Sampdoria,Serie A,Italy,15
661,Torino,2019,46,38,40,113,Torino,Serie A,Italy,16
662,Genoa,2019,47,38,39,101,Genoa,Serie A,Italy,17
663,Lecce,2019,52,38,35,243,Lecce,Serie A,Italy,18
664,Brescia,2019,35,38,25,242,Brescia,Serie A,Italy,19
665,SPAL 2013,2019,27,38,20,221,SPAL 2013,Serie A,Italy,20
666,Inter,2020,89,38,91,106,Inter,Serie A,Italy,1
667,AC Milan,2020,74,38,79,111,AC Milan,Serie A,Italy,2
668,Atalanta,2020,90,38,78,107,Atalanta,Serie A,Italy,3
669,Juventus,2020,77,38,78,98,Juventus,Serie A,Italy,3
670,Napoli,2020,86,38,77,105,Napoli,Serie A,Italy,5
671,Lazio,2020,61,38,68,96,Lazio,Serie A,Italy,6
672,Roma,2020,68,38,63,95,Roma,Serie A,Italy,7
673,Sassuolo,2020,64,38,62,104,Sassuolo,Serie A,Italy,8
674,Sampdoria,2020,52,38,52,102,Sampdoria,Serie A,Italy,9
675,Verona,2020,43,38,43,94,Verona,Serie A,Italy,10
676,Genoa,2020,47,38,42,101,Genoa,Serie A,Italy,11
677,Bologna,2020,51,38,41,97,Bologna,Serie A,Italy,12
678,Fiorentina,2020,47,38,40,110,Fiorentina,Serie A,Italy,13
679,Udinese,2020,42,38,40,99,Udinese,Serie A,Italy,13
680,Spezia,2020,52,38,39,260,Spezia,Serie A,Italy,15
681,Cagliari,2020,43,38,37,116,Cagliari,Serie A,Italy,16
682,Torino,2020,50,38,37,113,Torino,Serie A,Italy,16
683,Benevento,2020,40,38,33,222,Benevento,Serie A,Italy,18
684,Crotone,2020,45,38,23,115,Crotone,Serie A,Italy,19
685,Parma Calcio 1913,2020,39,38,20,230,Parma Calcio 1913,Serie A,Italy,20
